"table name","field name","field type","description","register raw material type","register raw material","buy raw material and register the movement","use raw material in production and register the movement","return raw material and register the movement","dispose raw material and register the movement","output finished product and register the movement","package the finished product and register the movement","ship the finished product and register the movement","return the finished product and register the movement","dispose the finished product and register the movement","unpacking the finished product and register the movement","maintain the inventory of raw material and finished product","maintain the recipe and link to the raw material","maintain the equipment and link to the raw material","maintain the master data and related links"
"mes.batch_deviation","id","uuid","Primary key","","","","CR","","","R","","","","","","","R","R",""
"mes.batch_deviation","tenant_id","uuid","Tenant scope","","","","CR","","","R","","","","","","","R","R",""
"mes.batch_deviation","batch_id","uuid","Reference to public.mes_batches","","","","CRU","","","RU","","","","","","","R","R",""
"mes.batch_deviation","batch_step_id","uuid","Reference to mes.batch_step","","","","CRU","","","RU","","","","","","","R","R",""
"mes.batch_deviation","deviation_code","text","Deviation code","","","","CRU","","","RU","","","","","","","R","R",""
"mes.batch_deviation","summary","text","Summary","","","","CRU","","","RU","","","","","","","R","R",""
"mes.batch_deviation","severity","mes.deviation_severity","Severity","","","","CRU","","","RU","","","","","","","R","R",""
"mes.batch_deviation","status","mes.deviation_status","Status","","","","CRU","","","RU","","","","","","","R","R",""
"mes.batch_deviation","detail_json","jsonb","Detail JSON payload","","","","CRU","","","RU","","","","","","","R","R",""
"mes.batch_deviation","opened_at","timestamptz","Opened At timestamp","","","","CRU","","","RU","","","","","","","R","R",""
"mes.batch_deviation","opened_by","uuid","Opened By","","","","CRU","","","RU","","","","","","","R","R",""
"mes.batch_deviation","closed_at","timestamptz","Closed At timestamp","","","","CRU","","","RU","","","","","","","R","R",""
"mes.batch_deviation","closed_by","uuid","Closed By","","","","CRU","","","RU","","","","","","","R","R",""
"mes.batch_deviation","created_at","timestamptz","Created timestamp","","","","CR","","","R","","","","","","","R","R",""
"mes.batch_deviation","updated_at","timestamptz","Updated timestamp","","","","CRU","","","RU","","","","","","","R","R",""
"mes.batch_deviation","updated_by","uuid","Updated by user","","","","CRU","","","RU","","","","","","","R","R",""
"mes.batch_equipment_assignment","id","uuid","Primary key","","","","CR","","","R","","","","","","","R","R",""
"mes.batch_equipment_assignment","tenant_id","uuid","Tenant scope","","","","CR","","","R","","","","","","","R","R",""
"mes.batch_equipment_assignment","batch_id","uuid","Reference to public.mes_batches","","","","CRU","","","RU","","","","","","","R","R",""
"mes.batch_equipment_assignment","batch_step_id","uuid","Reference to mes.batch_step","","","","CRU","","","RU","","","","","","","R","R",""
"mes.batch_equipment_assignment","equipment_id","uuid","Reference to public.mst_equipment","","","","CRU","","","RU","","","","","","","R","R",""
"mes.batch_equipment_assignment","assignment_role","text","Assignment Role","","","","CRU","","","RU","","","","","","","R","R",""
"mes.batch_equipment_assignment","assigned_at","timestamptz","Assigned At timestamp","","","","CRU","","","RU","","","","","","","R","R",""
"mes.batch_equipment_assignment","released_at","timestamptz","Released At timestamp","","","","CRU","","","RU","","","","","","","R","R",""
"mes.batch_equipment_assignment","snapshot_json","jsonb","Snapshot JSON payload","","","","CRU","","","RU","","","","","","","R","R",""
"mes.batch_equipment_assignment","created_at","timestamptz","Created timestamp","","","","CR","","","R","","","","","","","R","R",""
"mes.batch_equipment_assignment","created_by","uuid","Created by user","","","","CR","","","R","","","","","","","R","R",""
"mes.batch_execution_log","id","uuid","Primary key","","","","CR","","","R","","","","","","","R","R",""
"mes.batch_execution_log","tenant_id","uuid","Tenant scope","","","","CR","","","R","","","","","","","R","R",""
"mes.batch_execution_log","batch_id","uuid","Reference to public.mes_batches","","","","CRU","","","RU","","","","","","","R","R",""
"mes.batch_execution_log","batch_step_id","uuid","Reference to mes.batch_step","","","","CRU","","","RU","","","","","","","R","R",""
"mes.batch_execution_log","event_type","mes.execution_event_type","Event Type","","","","CRU","","","RU","","","","","","","R","R",""
"mes.batch_execution_log","event_at","timestamptz","Event At timestamp","","","","CRU","","","RU","","","","","","","R","R",""
"mes.batch_execution_log","actor_user_id","uuid","Actor User reference id","","","","CRU","","","RU","","","","","","","R","R",""
"mes.batch_execution_log","event_data","jsonb","Event Data JSON data","","","","CRU","","","RU","","","","","","","R","R",""
"mes.batch_execution_log","comment","text","Comment","","","","CRU","","","RU","","","","","","","R","R",""
"mes.batch_execution_log","created_at","timestamptz","Created timestamp","","","","CR","","","R","","","","","","","R","R",""
"mes.batch_material_actual","id","uuid","Primary key","","","","CR","","","R","","","","","","","R","R",""
"mes.batch_material_actual","tenant_id","uuid","Tenant scope","","","","CR","","","R","","","","","","","R","R",""
"mes.batch_material_actual","batch_id","uuid","Reference to public.mes_batches","","","","CRU","","","RU","","","","","","","R","R",""
"mes.batch_material_actual","batch_step_id","uuid","Reference to mes.batch_step","","","","CRU","","","RU","","","","","","","R","R",""
"mes.batch_material_actual","material_id","uuid","Reference to mes.mst_material","","","","CRU","","","RU","","","","","","","R","R",""
"mes.batch_material_actual","lot_id","uuid","Lot reference id","","","","CRU","","","RU","","","","","","","R","R",""
"mes.batch_material_actual","actual_qty","numeric","Actual Qty","","","","CRU","","","RU","","","","","","","R","R",""
"mes.batch_material_actual","uom_id","uuid","Reference to public.mst_uom","","","","CRU","","","RU","","","","","","","R","R",""
"mes.batch_material_actual","consumed_at","timestamptz","Consumed At timestamp","","","","CRU","","","RU","","","","","","","R","R",""
"mes.batch_material_actual","snapshot_json","jsonb","Snapshot JSON payload","","","","CRU","","","RU","","","","","","","R","R",""
"mes.batch_material_actual","note","text","Note","","","","CRU","","","RU","","","","","","","R","R",""
"mes.batch_material_actual","created_at","timestamptz","Created timestamp","","","","CR","","","R","","","","","","","R","R",""
"mes.batch_material_actual","created_by","uuid","Created by user","","","","CR","","","R","","","","","","","R","R",""
"mes.batch_material_plan","id","uuid","Primary key","","","","CR","","","R","","","","","","","R","R",""
"mes.batch_material_plan","tenant_id","uuid","Tenant scope","","","","CR","","","R","","","","","","","R","R",""
"mes.batch_material_plan","batch_id","uuid","Reference to public.mes_batches","","","","CRU","","","RU","","","","","","","R","R",""
"mes.batch_material_plan","batch_step_id","uuid","Reference to mes.batch_step","","","","CRU","","","RU","","","","","","","R","R",""
"mes.batch_material_plan","material_role","text","Material Role","","","","CRU","","","RU","","","","","","","R","R",""
"mes.batch_material_plan","material_type_id","uuid","Material Type reference id","","","","CRU","","","RU","","","","","","","R","R",""
"mes.batch_material_plan","planned_qty","numeric","Planned Qty","","","","CRU","","","RU","","","","","","","R","R",""
"mes.batch_material_plan","uom_id","uuid","Reference to public.mst_uom","","","","CRU","","","RU","","","","","","","R","R",""
"mes.batch_material_plan","requirement_json","jsonb","Requirement JSON payload","","","","CRU","","","RU","","","","","","","R","R",""
"mes.batch_material_plan","snapshot_json","jsonb","Snapshot JSON payload","","","","CRU","","","RU","","","","","","","R","R",""
"mes.batch_material_plan","created_at","timestamptz","Created timestamp","","","","CR","","","R","","","","","","","R","R",""
"mes.batch_material_plan","created_by","uuid","Created by user","","","","CR","","","R","","","","","","","R","R",""
"mes.batch_material_plan","material_type_uuid","uuid","Material Type Uuid","","","","CRU","","","RU","","","","","","","R","R",""
"mes.batch_step","id","uuid","Primary key","","","","CR","","","R","","","","","","","R","R",""
"mes.batch_step","tenant_id","uuid","Tenant scope","","","","CR","","","R","","","","","","","R","R",""
"mes.batch_step","batch_id","uuid","Reference to public.mes_batches","","","","CRU","","","RU","","","","","","","R","R",""
"mes.batch_step","step_no","integer","Step No","","","","CRU","","","RU","","","","","","","R","R",""
"mes.batch_step","step_code","text","Step code","","","","CRU","","","RU","","","","","","","R","R",""
"mes.batch_step","step_name","text","Step name","","","","CRU","","","RU","","","","","","","R","R",""
"mes.batch_step","step_template_code","text","Step Template code","","","","CRU","","","RU","","","","","","","R","R",""
"mes.batch_step","planned_duration_sec","integer","Planned Duration Sec","","","","CRU","","","RU","","","","","","","R","R",""
"mes.batch_step","status","mes.batch_step_status","Status","","","","CRU","","","RU","","","","","","","R","R",""
"mes.batch_step","planned_params","jsonb","Planned Params JSON data","","","","CRU","","","RU","","","","","","","R","R",""
"mes.batch_step","actual_params","jsonb","Actual Params JSON data","","","","CRU","","","RU","","","","","","","R","R",""
"mes.batch_step","quality_checks_json","jsonb","Quality Checks JSON payload","","","","CRU","","","RU","","","","","","","R","R",""
"mes.batch_step","snapshot_json","jsonb","Snapshot JSON payload","","","","CRU","","","RU","","","","","","","R","R",""
"mes.batch_step","started_at","timestamptz","Started At timestamp","","","","CRU","","","RU","","","","","","","R","R",""
"mes.batch_step","ended_at","timestamptz","Ended At timestamp","","","","CRU","","","RU","","","","","","","R","R",""
"mes.batch_step","notes","text","Notes","","","","CRU","","","RU","","","","","","","R","R",""
"mes.batch_step","created_at","timestamptz","Created timestamp","","","","CR","","","R","","","","","","","R","R",""
"mes.batch_step","created_by","uuid","Created by user","","","","CR","","","R","","","","","","","R","R",""
"mes.batch_step","updated_at","timestamptz","Updated timestamp","","","","CRU","","","RU","","","","","","","R","R",""
"mes.batch_step","updated_by","uuid","Updated by user","","","","CRU","","","RU","","","","","","","R","R",""
"mes.mst_equipment_template","id","uuid","Primary key","","","","","","","","","","","","","","R","R","CRD"
"mes.mst_equipment_template","tenant_id","uuid","Tenant scope","","","","","","","","","","","","","","R","R","CRD"
"mes.mst_equipment_template","template_code","text","Template code","","","","","","","","","","","","","","R","R","CRUD"
"mes.mst_equipment_template","template_name","text","Template name","","","","","","","","","","","","","","R","R","CRUD"
"mes.mst_equipment_template","equipment_type_id","uuid","Equipment Type reference id","","","","","","","","","","","","","","R","R","CRUD"
"mes.mst_equipment_template","capacity_min","numeric","Capacity Min","","","","","","","","","","","","","","R","R","CRUD"
"mes.mst_equipment_template","capacity_max","numeric","Capacity Max","","","","","","","","","","","","","","R","R","CRUD"
"mes.mst_equipment_template","capacity_uom_id","uuid","Reference to public.mst_uom","","","","","","","","","","","","","","R","R","CRUD"
"mes.mst_equipment_template","capability_json","jsonb","Capability JSON payload","","","","","","","","","","","","","","R","R","CRUD"
"mes.mst_equipment_template","status","mes.master_status","Status","","","","","","","","","","","","","","R","R","CRUD"
"mes.mst_equipment_template","created_at","timestamptz","Created timestamp","","","","","","","","","","","","","","R","R","CRD"
"mes.mst_equipment_template","created_by","uuid","Created by user","","","","","","","","","","","","","","R","R","CRD"
"mes.mst_equipment_template","updated_at","timestamptz","Updated timestamp","","","","","","","","","","","","","","R","R","CRUD"
"mes.mst_equipment_template","updated_by","uuid","Updated by user","","","","","","","","","","","","","","R","R","CRUD"
"mes.mst_equipment_template","equipment_type_uuid","uuid","Equipment Type Uuid","","","","","","","","","","","","","","R","R","CRUD"
"mes.mst_material","id","uuid","Primary key","","CRD","R","R","R","R","","","","","","","R","R","R","R"
"mes.mst_material","tenant_id","uuid","Tenant scope","","CRD","R","R","R","R","","","","","","","R","R","R","R"
"mes.mst_material","material_code","text","Material code","","CRUD","R","R","R","R","","","","","","","R","R","R","R"
"mes.mst_material","material_name","text","Material name","","CRUD","R","R","R","R","","","","","","","R","R","R","R"
"mes.mst_material","material_type_id","uuid","Material Type reference id","","CRUD","R","R","R","R","","","","","","","R","R","R","R"
"mes.mst_material","base_uom_id","uuid","Reference to public.mst_uom","","CRUD","R","R","R","R","","","","","","","R","R","R","R"
"mes.mst_material","material_category","text","Material Category","","CRUD","R","R","R","R","","","","","","","R","R","R","R"
"mes.mst_material","is_batch_managed","boolean","Is Batch Managed","","CRUD","R","R","R","R","","","","","","","R","R","R","R"
"mes.mst_material","is_lot_managed","boolean","Is Lot Managed","","CRUD","R","R","R","R","","","","","","","R","R","R","R"
"mes.mst_material","meta_json","jsonb","Free-form metadata JSON","","CRUD","R","R","R","R","","","","","","","R","R","R","R"
"mes.mst_material","status","mes.master_status","Status","","CRUD","R","R","R","R","","","","","","","R","R","R","R"
"mes.mst_material","created_at","timestamptz","Created timestamp","","CRD","R","R","R","R","","","","","","","R","R","R","R"
"mes.mst_material","created_by","uuid","Created by user","","CRD","R","R","R","R","","","","","","","R","R","R","R"
"mes.mst_material","updated_at","timestamptz","Updated timestamp","","CRUD","R","R","R","R","","","","","","","R","R","R","R"
"mes.mst_material","updated_by","uuid","Updated by user","","CRUD","R","R","R","R","","","","","","","R","R","R","R"
"mes.mst_material","material_type_uuid","uuid","Material Type Uuid","","CRUD","R","R","R","R","","","","","","","R","R","R","R"
"mes.mst_material_spec","material_type_uuid","uuid","Material Type Uuid","","","","","","","","","","","","","","","",""
"mes.mst_parameter_def","id","uuid","Primary key","","","","R","","","R","","","","","","","CRD","",""
"mes.mst_parameter_def","tenant_id","uuid","Tenant scope","","","","R","","","R","","","","","","","CRD","",""
"mes.mst_parameter_def","parameter_code","text","Parameter code","","","","R","","","R","","","","","","","CRUD","",""
"mes.mst_parameter_def","parameter_name","text","Parameter name","","","","R","","","R","","","","","","","CRUD","",""
"mes.mst_parameter_def","data_type","text","Data Type","","","","R","","","R","","","","","","","CRUD","",""
"mes.mst_parameter_def","default_uom_id","uuid","Reference to public.mst_uom","","","","R","","","R","","","","","","","CRUD","",""
"mes.mst_parameter_def","precision_digits","integer","Precision Digits","","","","R","","","R","","","","","","","CRUD","",""
"mes.mst_parameter_def","min_value","numeric","Min Value","","","","R","","","R","","","","","","","CRUD","",""
"mes.mst_parameter_def","max_value","numeric","Max Value","","","","R","","","R","","","","","","","CRUD","",""
"mes.mst_parameter_def","status","mes.master_status","Status","","","","R","","","R","","","","","","","CRUD","",""
"mes.mst_parameter_def","created_at","timestamptz","Created timestamp","","","","R","","","R","","","","","","","CRD","",""
"mes.mst_parameter_def","created_by","uuid","Created by user","","","","R","","","R","","","","","","","CRD","",""
"mes.mst_parameter_def","updated_at","timestamptz","Updated timestamp","","","","R","","","R","","","","","","","CRUD","",""
"mes.mst_parameter_def","updated_by","uuid","Updated by user","","","","R","","","R","","","","","","","CRUD","",""
"mes.mst_quality_check","id","uuid","Primary key","","","","R","","","R","","","","","","","CRD","",""
"mes.mst_quality_check","tenant_id","uuid","Tenant scope","","","","R","","","R","","","","","","","CRD","",""
"mes.mst_quality_check","check_code","text","Check code","","","","R","","","R","","","","","","","CRUD","",""
"mes.mst_quality_check","check_name","text","Check name","","","","R","","","R","","","","","","","CRUD","",""
"mes.mst_quality_check","check_type","text","Check Type","","","","R","","","R","","","","","","","CRUD","",""
"mes.mst_quality_check","parameter_json","jsonb","Parameter JSON payload","","","","R","","","R","","","","","","","CRUD","",""
"mes.mst_quality_check","status","mes.master_status","Status","","","","R","","","R","","","","","","","CRUD","",""
"mes.mst_quality_check","created_at","timestamptz","Created timestamp","","","","R","","","R","","","","","","","CRD","",""
"mes.mst_quality_check","created_by","uuid","Created by user","","","","R","","","R","","","","","","","CRD","",""
"mes.mst_quality_check","updated_at","timestamptz","Updated timestamp","","","","R","","","R","","","","","","","CRUD","",""
"mes.mst_quality_check","updated_by","uuid","Updated by user","","","","R","","","R","","","","","","","CRUD","",""
"mes.mst_recipe","id","uuid","Primary key","","","","R","","","R","","","","","","","CRD","",""
"mes.mst_recipe","tenant_id","uuid","Tenant scope","","","","R","","","R","","","","","","","CRD","",""
"mes.mst_recipe","recipe_code","text","Recipe code","","","","R","","","R","","","","","","","CRUD","",""
"mes.mst_recipe","recipe_name","text","Recipe name","","","","R","","","R","","","","","","","CRUD","",""
"mes.mst_recipe","recipe_category","text","Recipe Category","","","","R","","","R","","","","","","","CRUD","",""
"mes.mst_recipe","industry_type","text","Industry Type","","","","R","","","R","","","","","","","CRUD","",""
"mes.mst_recipe","status","mes.master_status","Status","","","","R","","","R","","","","","","","CRUD","",""
"mes.mst_recipe","current_version_id","uuid","Current Version reference id","","","","R","","","R","","","","","","","CRUD","",""
"mes.mst_recipe","created_at","timestamptz","Created timestamp","","","","R","","","R","","","","","","","CRD","",""
"mes.mst_recipe","created_by","uuid","Created by user","","","","R","","","R","","","","","","","CRD","",""
"mes.mst_recipe","updated_at","timestamptz","Updated timestamp","","","","R","","","R","","","","","","","CRUD","",""
"mes.mst_recipe","updated_by","uuid","Updated by user","","","","R","","","R","","","","","","","CRUD","",""
"mes.mst_recipe_version","id","uuid","Primary key","","","","R","","","R","","","","","","","CRD","",""
"mes.mst_recipe_version","tenant_id","uuid","Tenant scope","","","","R","","","R","","","","","","","CRD","",""
"mes.mst_recipe_version","recipe_id","uuid","Reference to mes.mst_recipe","","","","R","","","R","","","","","","","CRUD","",""
"mes.mst_recipe_version","version_no","integer","Version No","","","","R","","","R","","","","","","","CRUD","",""
"mes.mst_recipe_version","version_label","text","Version Label","","","","R","","","R","","","","","","","CRUD","",""
"mes.mst_recipe_version","recipe_body_json","jsonb","Recipe Body JSON payload","","","","R","","","R","","","","","","","CRUD","",""
"mes.mst_recipe_version","resolved_reference_json","jsonb","Resolved Reference JSON payload","","","","R","","","R","","","","","","","CRUD","",""
"mes.mst_recipe_version","schema_code","text","Schema code","","","","R","","","R","","","","","","","CRUD","",""
"mes.mst_recipe_version","template_code","text","Template code","","","","R","","","R","","","","","","","CRUD","",""
"mes.mst_recipe_version","status","mes.recipe_version_status","Status","","","","R","","","R","","","","","","","CRUD","",""
"mes.mst_recipe_version","effective_from","timestamptz","Effective From","","","","R","","","R","","","","","","","CRUD","",""
"mes.mst_recipe_version","effective_to","timestamptz","Effective To","","","","R","","","R","","","","","","","CRUD","",""
"mes.mst_recipe_version","change_summary","text","Change Summary","","","","R","","","R","","","","","","","CRUD","",""
"mes.mst_recipe_version","body_hash","text","Body Hash","","","","R","","","R","","","","","","","CRUD","",""
"mes.mst_recipe_version","created_at","timestamptz","Created timestamp","","","","R","","","R","","","","","","","CRD","",""
"mes.mst_recipe_version","created_by","uuid","Created by user","","","","R","","","R","","","","","","","CRD","",""
"mes.mst_recipe_version","approved_at","timestamptz","Approved At timestamp","","","","R","","","R","","","","","","","CRUD","",""
"mes.mst_recipe_version","approved_by","uuid","Approved By","","","","R","","","R","","","","","","","CRUD","",""
"mes.mst_recipe_version","updated_at","timestamptz","Updated timestamp","","","","R","","","R","","","","","","","CRUD","",""
"mes.mst_recipe_version","updated_by","uuid","Updated by user","","","","R","","","R","","","","","","","CRUD","",""
"mes.mst_step_template","id","uuid","Primary key","","","","R","","","R","","","","","","","CRD","",""
"mes.mst_step_template","tenant_id","uuid","Tenant scope","","","","R","","","R","","","","","","","CRD","",""
"mes.mst_step_template","step_template_code","text","Step Template code","","","","R","","","R","","","","","","","CRUD","",""
"mes.mst_step_template","step_template_name","text","Step Template name","","","","R","","","R","","","","","","","CRUD","",""
"mes.mst_step_template","step_type","text","Step Type","","","","R","","","R","","","","","","","CRUD","",""
"mes.mst_step_template","industry_type","text","Industry Type","","","","R","","","R","","","","","","","CRUD","",""
"mes.mst_step_template","default_instructions","text","Default Instructions","","","","R","","","R","","","","","","","CRUD","",""
"mes.mst_step_template","default_duration_sec","integer","Default Duration Sec","","","","R","","","R","","","","","","","CRUD","",""
"mes.mst_step_template","parameter_template_json","jsonb","Parameter Template JSON payload","","","","R","","","R","","","","","","","CRUD","",""
"mes.mst_step_template","default_equipment_type_id","uuid","Default Equipment Type reference id","","","","R","","","R","","","","","","","CRUD","",""
"mes.mst_step_template","default_equipment_requirement_json","jsonb","Default Equipment Requirement JSON payload","","","","R","","","R","","","","","","","CRUD","",""
"mes.mst_step_template","default_quality_check_json","jsonb","Default Quality Check JSON payload","","","","R","","","R","","","","","","","CRUD","",""
"mes.mst_step_template","default_material_role","text","Default Material Role","","","","R","","","R","","","","","","","CRUD","",""
"mes.mst_step_template","sort_no","integer","Sort No","","","","R","","","R","","","","","","","CRUD","",""
"mes.mst_step_template","status","mes.master_status","Status","","","","R","","","R","","","","","","","CRUD","",""
"mes.mst_step_template","created_at","timestamptz","Created timestamp","","","","R","","","R","","","","","","","CRD","",""
"mes.mst_step_template","created_by","uuid","Created by user","","","","R","","","R","","","","","","","CRD","",""
"mes.mst_step_template","updated_at","timestamptz","Updated timestamp","","","","R","","","R","","","","","","","CRUD","",""
"mes.mst_step_template","updated_by","uuid","Updated by user","","","","R","","","R","","","","","","","CRUD","",""
"mes.mst_step_template","default_equipment_type_uuid","uuid","Default Equipment Type Uuid","","","","R","","","R","","","","","","","CRUD","",""
"mes.recipe_approval_event","id","uuid","Primary key","","","","R","","","R","","","","","","","CRD","",""
"mes.recipe_approval_event","tenant_id","uuid","Tenant scope","","","","R","","","R","","","","","","","CRD","",""
"mes.recipe_approval_event","recipe_version_id","uuid","Reference to mes.mst_recipe_version","","","","R","","","R","","","","","","","CRUD","",""
"mes.recipe_approval_event","flow_def_id","uuid","Reference to mes.recipe_approval_flow_def","","","","R","","","R","","","","","","","CRUD","",""
"mes.recipe_approval_event","step_no","integer","Step No","","","","R","","","R","","","","","","","CRUD","",""
"mes.recipe_approval_event","approval_role","text","Approval Role","","","","R","","","R","","","","","","","CRUD","",""
"mes.recipe_approval_event","approver_user_id","uuid","Approver User reference id","","","","R","","","R","","","","","","","CRUD","",""
"mes.recipe_approval_event","decision","mes.approval_decision","Decision","","","","R","","","R","","","","","","","CRUD","",""
"mes.recipe_approval_event","decision_at","timestamptz","Decision At timestamp","","","","R","","","R","","","","","","","CRUD","",""
"mes.recipe_approval_event","comment","text","Comment","","","","R","","","R","","","","","","","CRUD","",""
"mes.recipe_approval_event","e_signature","text","E Signature","","","","R","","","R","","","","","","","CRUD","",""
"mes.recipe_approval_event","created_at","timestamptz","Created timestamp","","","","R","","","R","","","","","","","CRD","",""
"mes.recipe_approval_event","created_by","uuid","Created by user","","","","R","","","R","","","","","","","CRD","",""
"mes.recipe_approval_flow_def","id","uuid","Primary key","","","","R","","","R","","","","","","","CRD","",""
"mes.recipe_approval_flow_def","tenant_id","uuid","Tenant scope","","","","R","","","R","","","","","","","CRD","",""
"mes.recipe_approval_flow_def","flow_code","text","Flow code","","","","R","","","R","","","","","","","CRUD","",""
"mes.recipe_approval_flow_def","recipe_category","text","Recipe Category","","","","R","","","R","","","","","","","CRUD","",""
"mes.recipe_approval_flow_def","industry_type","text","Industry Type","","","","R","","","R","","","","","","","CRUD","",""
"mes.recipe_approval_flow_def","step_no","integer","Step No","","","","R","","","R","","","","","","","CRUD","",""
"mes.recipe_approval_flow_def","approval_role","text","Approval Role","","","","R","","","R","","","","","","","CRUD","",""
"mes.recipe_approval_flow_def","is_required","boolean","Is Required","","","","R","","","R","","","","","","","CRUD","",""
"mes.recipe_approval_flow_def","status","mes.master_status","Status","","","","R","","","R","","","","","","","CRUD","",""
"mes.recipe_approval_flow_def","created_at","timestamptz","Created timestamp","","","","R","","","R","","","","","","","CRD","",""
"mes.recipe_approval_flow_def","created_by","uuid","Created by user","","","","R","","","R","","","","","","","CRD","",""
"mes.recipe_approval_flow_def","updated_at","timestamptz","Updated timestamp","","","","R","","","R","","","","","","","CRUD","",""
"mes.recipe_approval_flow_def","updated_by","uuid","Updated by user","","","","R","","","R","","","","","","","CRUD","",""
"mes.recipe_change_history","id","uuid","Primary key","","","","R","","","R","","","","","","","CRD","",""
"mes.recipe_change_history","tenant_id","uuid","Tenant scope","","","","R","","","R","","","","","","","CRD","",""
"mes.recipe_change_history","recipe_version_id","uuid","Reference to mes.mst_recipe_version","","","","R","","","R","","","","","","","CRUD","",""
"mes.recipe_change_history","event_type","text","Event Type","","","","R","","","R","","","","","","","CRUD","",""
"mes.recipe_change_history","changed_at","timestamptz","Changed At timestamp","","","","R","","","R","","","","","","","CRUD","",""
"mes.recipe_change_history","changed_by","uuid","Changed By","","","","R","","","R","","","","","","","CRUD","",""
"mes.recipe_change_history","diff_doc","jsonb","Diff Doc JSON data","","","","R","","","R","","","","","","","CRUD","",""
"mes.recipe_change_history","reason_code","text","Reason code","","","","R","","","R","","","","","","","CRUD","",""
"mes.recipe_change_history","reason_text","text","Reason Text","","","","R","","","R","","","","","","","CRUD","",""
"mes.recipe_change_history","comment","text","Comment","","","","R","","","R","","","","","","","CRUD","",""
"public.attr_def","tenant_id","uuid","Tenant scope","R","R","","","","","","","","","","","","R","R","CRD"
"public.attr_def","attr_id","bigint","Attr reference id","R","R","","","","","","","","","","","","R","R","CRUD"
"public.attr_def","domain","text","What object this attribute applies to e.g. 'batch', 'recipe', 'item', 'equipment'","R","R","","","","","","","","","","","","R","R","CRUD"
"public.attr_def","scope","text","ownership / visibility system | tenant | user","R","R","","","","","","","","","","","","R","R","CRUD"
"public.attr_def","owner_id","uuid","tenant_id or user_id if not system","R","R","","","","","","","","","","","","R","R","CRUD"
"public.attr_def","industry_id","uuid","Industry scope (NULL = shared across industries)","R","R","","","","","","","","","","","","R","R","CRUD"
"public.attr_def","code","text","Stable attribute code (used in API / JSON / UI mapping)","R","R","","","","","","","","","","","","R","R","CRUD"
"public.attr_def","name","text","Display name (default language)","R","R","","","","","","","","","","","","R","R","CRUD"
"public.attr_def","name_i18n","jsonb","Optional i18n names: {""ja"":""..."", ""en"":""...""}","R","R","","","","","","","","","","","","R","R","CRUD"
"public.attr_def","data_type","text","Attribute data type Suggested values: 'string','number','boolean','date','timestamp','json','ref'","R","R","","","","","","","","","","","","R","R","CRUD"
"public.attr_def","uom_id","uuid","Unit of measure (for numeric values)","R","R","","","","","","","","","","","","R","R","CRUD"
"public.attr_def","ref_kind","text","Reference definition (used when data_type='ref') Example: ref_kind='type_def' ref_domain='beer_style'","R","R","","","","","","","","","","","","R","R","CRUD"
"public.attr_def","ref_domain","text","Ref Domain","R","R","","","","","","","","","","","","R","R","CRUD"
"public.attr_def","required","boolean","Validation rules","R","R","","","","","","","","","","","","R","R","CRUD"
"public.attr_def","num_min","numeric","Num Min","R","R","","","","","","","","","","","","R","R","CRUD"
"public.attr_def","num_max","numeric","Num Max","R","R","","","","","","","","","","","","R","R","CRUD"
"public.attr_def","text_regex","text","Text Regex","R","R","","","","","","","","","","","","R","R","CRUD"
"public.attr_def","allowed_values","jsonb","enum-like values (only if NOT ref)","R","R","","","","","","","","","","","","R","R","CRUD"
"public.attr_def","default_value","jsonb","default value (typed in JSON)","R","R","","","","","","","","","","","","R","R","CRUD"
"public.attr_def","description","text","Description","R","R","","","","","","","","","","","","R","R","CRUD"
"public.attr_def","sort_order","int","Sort Order","R","R","","","","","","","","","","","","R","R","CRUD"
"public.attr_def","is_active","boolean","Is Active","R","R","","","","","","","","","","","","R","R","CRUD"
"public.attr_def","meta","jsonb","Free-form metadata JSON","R","R","","","","","","","","","","","","R","R","CRUD"
"public.attr_def","created_at","timestamptz","Created timestamp","R","R","","","","","","","","","","","","R","R","CRD"
"public.attr_def","updated_at","timestamptz","Updated timestamp","R","R","","","","","","","","","","","","R","R","CRUD"
"public.attr_set","tenant_id","uuid","Tenant scope","R","R","","","","","","","","","","","","R","R","CRD"
"public.attr_set","attr_set_id","bigint","Attr Set reference id","R","R","","","","","","","","","","","","R","R","CRUD"
"public.attr_set","domain","text","Which object this set applies tor e.g. 'batch', 'recipe', 'item', 'equipment'","R","R","","","","","","","","","","","","R","R","CRUD"
"public.attr_set","scope","text","ownership / visibility system | tenant","R","R","","","","","","","","","","","","R","R","CRUD"
"public.attr_set","owner_id","uuid","tenant_id if scope='tenant'","R","R","","","","","","","","","","","","R","R","CRUD"
"public.attr_set","industry_id","uuid","Industry scope (NULL = shared across industries)","R","R","","","","","","","","","","","","R","R","CRUD"
"public.attr_set","code","text","Stable set code (used in API / JSON / UI mapping)","R","R","","","","","","","","","","","","R","R","CRUD"
"public.attr_set","name","text","Display name (default language)","R","R","","","","","","","","","","","","R","R","CRUD"
"public.attr_set","name_i18n","jsonb","Optional i18n names: {""ja"":""..."", ""en"":""...""}","R","R","","","","","","","","","","","","R","R","CRUD"
"public.attr_set","description","text","Description","R","R","","","","","","","","","","","","R","R","CRUD"
"public.attr_set","sort_order","int","Sort Order","R","R","","","","","","","","","","","","R","R","CRUD"
"public.attr_set","is_active","boolean","Is Active","R","R","","","","","","","","","","","","R","R","CRUD"
"public.attr_set","meta","jsonb","Free-form metadata JSON","R","R","","","","","","","","","","","","R","R","CRUD"
"public.attr_set","created_at","timestamptz","Created timestamp","R","R","","","","","","","","","","","","R","R","CRD"
"public.attr_set","updated_at","timestamptz","Updated timestamp","R","R","","","","","","","","","","","","R","R","CRUD"
"public.attr_set_rule","tenant_id","uuid","Tenant scope","R","R","","","","","","","","","","","","R","R","CRD"
"public.attr_set_rule","attr_set_id","bigint","Attr Set reference id","R","R","","","","","","","","","","","","R","R","CRUD"
"public.attr_set_rule","attr_id","bigint","Attr reference id","R","R","","","","","","","","","","","","R","R","CRUD"
"public.attr_set_rule","required","boolean","Required in this set (contextual requiredness)","R","R","","","","","","","","","","","","R","R","CRUD"
"public.attr_set_rule","ui_section","text","UI hints (keep minimal; expand later if needed) e.g. 'Basics', 'Quality', 'Tax'","R","R","","","","","","","","","","","","R","R","CRUD"
"public.attr_set_rule","ui_widget","text","e.g. 'text', 'number', 'select', 'toggle', 'date'","R","R","","","","","","","","","","","","R","R","CRUD"
"public.attr_set_rule","help_text","text","Help Text","R","R","","","","","","","","","","","","R","R","CRUD"
"public.attr_set_rule","sort_order","int","Sort Order","R","R","","","","","","","","","","","","R","R","CRUD"
"public.attr_set_rule","is_active","boolean","Is Active","R","R","","","","","","","","","","","","R","R","CRUD"
"public.attr_set_rule","meta","jsonb","Free-form metadata JSON","R","R","","","","","","","","","","","","R","R","CRUD"
"public.attr_set_rule","created_at","timestamptz","Created timestamp","R","R","","","","","","","","","","","","R","R","CRD"
"public.attr_set_rule","updated_at","timestamptz","Updated timestamp","R","R","","","","","","","","","","","","R","R","CRUD"
"public.entity_attr","tenant_id","uuid","Tenant scope","","CR","","","","","","","","","","","","CR","CR",""
"public.entity_attr","entity_type","text","Entity Type","","CRU","","","","","","","","","","","","CRU","CRU",""
"public.entity_attr","entity_id","uuid","Entity reference id","","CRU","","","","","","","","","","","","CRU","CRU",""
"public.entity_attr","attr_id","bigint","Attr reference id","","CRU","","","","","","","","","","","","CRU","CRU",""
"public.entity_attr","value_text","text","Typed value columns (exactly one should be used)","","CRU","","","","","","","","","","","","CRU","CRU",""
"public.entity_attr","value_num","numeric","Value Num","","CRU","","","","","","","","","","","","CRU","CRU",""
"public.entity_attr","value_bool","boolean","Value Bool","","CRU","","","","","","","","","","","","CRU","CRU",""
"public.entity_attr","value_date","date","Value Date","","CRU","","","","","","","","","","","","CRU","CRU",""
"public.entity_attr","value_ts","timestamptz","Value Ts","","CRU","","","","","","","","","","","","CRU","CRU",""
"public.entity_attr","value_json","jsonb","Value JSON payload","","CRU","","","","","","","","","","","","CRU","CRU",""
"public.entity_attr","value_ref_type_id","uuid","Reference to type_def (for data_type='ref')","","CRU","","","","","","","","","","","","CRU","CRU",""
"public.entity_attr","uom_id","uuid","Optional UOM override","","CRU","","","","","","","","","","","","CRU","CRU",""
"public.entity_attr","updated_at","timestamptz","Updated timestamp","","CRU","","","","","","","","","","","","CRU","CRU",""
"public.entity_attr","updated_by","uuid","Updated by user","","CRU","","","","","","","","","","","","CRU","CRU",""
"public.entity_attr","value_ref_type_uuid","uuid","Value Ref Type Uuid","","CRU","","","","","","","","","","","","CRU","CRU",""
"public.entity_attr_set","tenant_id","uuid","Tenant scope","R","R","","","","","","","","","","","","R","R","CRD"
"public.entity_attr_set","entity_type","text","e.g. 'batch', 'recipe_version', 'item'","R","R","","","","","","","","","","","","R","R","CRUD"
"public.entity_attr_set","entity_id","uuid","Entity reference id","R","R","","","","","","","","","","","","R","R","CRUD"
"public.entity_attr_set","attr_set_id","bigint","Attr Set reference id","R","R","","","","","","","","","","","","R","R","CRUD"
"public.entity_attr_set","is_active","boolean","Is Active","R","R","","","","","","","","","","","","R","R","CRUD"
"public.entity_attr_set","created_at","timestamptz","Created timestamp","R","R","","","","","","","","","","","","R","R","CRD"
"public.entity_attr_set","created_by","uuid","Created by user","R","R","","","","","","","","","","","","R","R","CRD"
"public.industry","industry_id","uuid","Primary key","R","R","","","","","","","","","","","","R","R","CRD"
"public.industry","code","text","Stable code used by API / JSON / config e.g. 'CRAFT_BEER'","R","R","","","","","","","","","","","","R","R","CRUD"
"public.industry","name","text","Display name e.g. 'Craft Beer'","R","R","","","","","","","","","","","","R","R","CRUD"
"public.industry","name_i18n","jsonb","Optional i18n name {""ja"":""クラフトビール"",""en"":""Craft Beer""}","R","R","","","","","","","","","","","","R","R","CRUD"
"public.industry","description","text","Description","R","R","","","","","","","","","","","","R","R","CRUD"
"public.industry","is_active","boolean","Is Active","R","R","","","","","","","","","","","","R","R","CRUD"
"public.industry","sort_order","int","Sort Order","R","R","","","","","","","","","","","","R","R","CRUD"
"public.industry","meta","jsonb","Free-form metadata JSON","R","R","","","","","","","","","","","","R","R","CRUD"
"public.industry","created_at","timestamptz","Created timestamp","R","R","","","","","","","","","","","","R","R","CRD"
"public.industry","updated_at","timestamptz","Updated timestamp","R","R","","","","","","","","","","","","R","R","CRUD"
"public.inv_inventory","id","uuid","Identifier","","","CR","R","CR","R","CR","CR","R","CR","R","CR","CRD","","",""
"public.inv_inventory","tenant_id","uuid","Tenant scope","","","CR","R","CR","R","CR","CR","R","CR","R","CR","CRD","","",""
"public.inv_inventory","site_id","uuid","Reference to public.mst_sites","","","CRU","RU","CRU","RU","CRU","CRU","RU","CRU","RU","CRU","CRUD","","",""
"public.inv_inventory","lot_id","uuid","Reference to public.lot","","","CRU","RU","CRU","RU","CRU","CRU","RU","CRU","RU","CRU","CRUD","","",""
"public.inv_inventory","qty","numeric","Qty","","","CRU","RU","CRU","RU","CRU","CRU","RU","CRU","RU","CRU","CRUD","","",""
"public.inv_inventory","uom_id","uuid","Uom reference id","","","CRU","RU","CRU","RU","CRU","CRU","RU","CRU","RU","CRU","CRUD","","",""
"public.inv_inventory","created_at","timestamptz","Created timestamp","","","CR","R","CR","R","CR","CR","R","CR","R","CR","CRD","","",""
"public.inv_movement_lines","id","uuid","Primary key","","","CR","CR","CR","CR","CR","CR","CR","CR","CR","CR","R","","",""
"public.inv_movement_lines","tenant_id","uuid","Tenant scope","","","CR","CR","CR","CR","CR","CR","CR","CR","CR","CR","R","","",""
"public.inv_movement_lines","movement_id","uuid","Reference to public.inv_movements","","","CR","CR","CR","CR","CR","CR","CR","CR","CR","CR","R","","",""
"public.inv_movement_lines","line_no","int","Line No","","","CR","CR","CR","CR","CR","CR","CR","CR","CR","CR","R","","",""
"public.inv_movement_lines","material_id","uuid","FK to mst_materials (if defined)","","","CR","CR","CR","CR","CR","CR","CR","CR","CR","CR","R","","",""
"public.inv_movement_lines","package_id","uuid","FK to mst_beer_package_category (if defined)","","","CR","CR","CR","CR","CR","CR","CR","CR","CR","CR","R","","",""
"public.inv_movement_lines","batch_id","uuid","FK to mes_batches (if defined)","","","CR","CR","CR","CR","CR","CR","CR","CR","CR","CR","R","","",""
"public.inv_movement_lines","qty","numeric","Qty","","","CR","CR","CR","CR","CR","CR","CR","CR","CR","CR","R","","",""
"public.inv_movement_lines","uom_id","uuid","FK to mst_uom","","","CR","CR","CR","CR","CR","CR","CR","CR","CR","CR","R","","",""
"public.inv_movement_lines","notes","text","Notes","","","CR","CR","CR","CR","CR","CR","CR","CR","CR","CR","R","","",""
"public.inv_movement_lines","meta","jsonb","Free-form metadata JSON","","","CR","CR","CR","CR","CR","CR","CR","CR","CR","CR","R","","",""
"public.inv_movement_lines","unit","numeric","Unit","","","CR","CR","CR","CR","CR","CR","CR","CR","CR","CR","R","","",""
"public.inv_movement_lines","tax_rate","numeric","Tax Rate","","","CR","CR","CR","CR","CR","CR","CR","CR","CR","CR","R","","",""
"public.inv_movements","id","uuid","Primary key","","","CR","CR","CR","CR","CR","CR","CR","CR","CR","CR","R","","",""
"public.inv_movements","tenant_id","uuid","Tenant scope","","","CR","CR","CR","CR","CR","CR","CR","CR","CR","CR","R","","",""
"public.inv_movements","doc_no","text","business document number","","","CR","CR","CR","CR","CR","CR","CR","CR","CR","CR","R","","",""
"public.inv_movements","doc_type","public.inv_doc_type","Doc Type","","","CR","CR","CR","CR","CR","CR","CR","CR","CR","CR","R","","",""
"public.inv_movements","status","text","'open','posted','void'","","","CR","CR","CR","CR","CR","CR","CR","CR","CR","CR","R","","",""
"public.inv_movements","movement_at","timestamptz","Movement At timestamp","","","CR","CR","CR","CR","CR","CR","CR","CR","CR","CR","R","","",""
"public.inv_movements","src_site_id","uuid","Reference to public.mst_sites","","","CR","CR","CR","CR","CR","CR","CR","CR","CR","CR","R","","",""
"public.inv_movements","dest_site_id","uuid","Reference to public.mst_sites","","","CR","CR","CR","CR","CR","CR","CR","CR","CR","CR","R","","",""
"public.inv_movements","external_ref","text","supplier invoice, PO, SO, etc.","","","CR","CR","CR","CR","CR","CR","CR","CR","CR","CR","R","","",""
"public.inv_movements","reason","text","Reason","","","CR","CR","CR","CR","CR","CR","CR","CR","CR","CR","R","","",""
"public.inv_movements","meta","jsonb","Free-form metadata JSON","","","CR","CR","CR","CR","CR","CR","CR","CR","CR","CR","R","","",""
"public.inv_movements","notes","text","Notes","","","CR","CR","CR","CR","CR","CR","CR","CR","CR","CR","R","","",""
"public.inv_movements","created_by","uuid","Created by user","","","CR","CR","CR","CR","CR","CR","CR","CR","CR","CR","R","","",""
"public.inv_movements","created_at","timestamptz","Created timestamp","","","CR","CR","CR","CR","CR","CR","CR","CR","CR","CR","R","","",""
"public.lot","id","uuid","Primary key","","","CR","R","CR","R","CR","CR","R","CR","R","CR","R","","",""
"public.lot","tenant_id","uuid","Tenant scope","","","CR","R","CR","R","CR","CR","R","CR","R","CR","R","","",""
"public.lot","lot_no","text","business lot number (not unique; use id as canonical identifier)","","","CR","RU","CRU","RU","CR","CRU","RU","CRU","RU","CRU","RU","","",""
"public.lot","material_id","uuid","FK to mst_materials (if defined)","","","CR","RU","CRU","RU","CR","CRU","RU","CRU","RU","CRU","RU","","",""
"public.lot","package_id","uuid","FK to mst_package (if defined)","","","CR","RU","CRU","RU","CR","CRU","RU","CRU","RU","CRU","RU","","",""
"public.lot","batch_id","uuid","FK to mes_batches (if defined)","","","CR","RU","CRU","RU","CR","CRU","RU","CRU","RU","CRU","RU","","",""
"public.lot","lot_tax_type","text","e.g., 'bonded', 'taxed', 'exempt'","","","CR","RU","CRU","RU","CR","CRU","RU","CRU","RU","CRU","RU","","",""
"public.lot","site_id","uuid","Reference to public.mst_sites","","","CR","RU","CRU","RU","CR","CRU","RU","CRU","RU","CRU","RU","","",""
"public.lot","produced_at","timestamptz","Produced At timestamp","","","CR","RU","CRU","RU","CR","CRU","RU","CRU","RU","CRU","RU","","",""
"public.lot","expires_at","timestamptz","Expires At timestamp","","","CR","RU","CRU","RU","CR","CRU","RU","CRU","RU","CRU","RU","","",""
"public.lot","qty","numeric","Qty","","","CR","RU","CRU","RU","CR","CRU","RU","CRU","RU","CRU","RU","","",""
"public.lot","unit","numeric","Unit","","","CR","RU","CRU","RU","CR","CRU","RU","CRU","RU","CRU","RU","","",""
"public.lot","uom_id","uuid","FK to mst_uom","","","CR","RU","CRU","RU","CR","CRU","RU","CRU","RU","CRU","RU","","",""
"public.lot","status","text","active | consumed | void","","","CR","RU","CRU","RU","CR","CRU","RU","CRU","RU","CRU","RU","","",""
"public.lot","meta","jsonb","Free-form metadata JSON","","","CR","RU","CRU","RU","CR","CRU","RU","CRU","RU","CRU","RU","","",""
"public.lot","notes","text","Notes","","","CR","RU","CRU","RU","CR","CRU","RU","CRU","RU","CRU","RU","","",""
"public.lot","created_at","timestamptz","Created timestamp","","","CR","R","CR","R","CR","CR","R","CR","R","CR","R","","",""
"public.lot","updated_at","timestamptz","Updated timestamp","","","CR","RU","CRU","RU","CR","CRU","RU","CRU","RU","CRU","RU","","",""
"public.lot_edge","id","uuid","Primary key","","","CR","CR","CR","CR","CR","CR","CR","CR","CR","CR","R","","",""
"public.lot_edge","tenant_id","uuid","Tenant scope","","","CR","CR","CR","CR","CR","CR","CR","CR","CR","CR","R","","",""
"public.lot_edge","movement_id","uuid","Link back to business document (movement) and the specific line","","","CR","CR","CR","CR","CR","CR","CR","CR","CR","CR","R","","",""
"public.lot_edge","movement_line_id","uuid","Reference to public.inv_movement_lines","","","CR","CR","CR","CR","CR","CR","CR","CR","CR","CR","R","","",""
"public.lot_edge","edge_type","public.lot_edge_type","Graph semantics","","","CR","CR","CR","CR","CR","CR","CR","CR","CR","CR","R","","",""
"public.lot_edge","from_lot_id","uuid","Directional lot relation (nullable for PRODUCE/CONSUME)","","","CR","CR","CR","CR","CR","CR","CR","CR","CR","CR","R","","",""
"public.lot_edge","to_lot_id","uuid","Reference to public.lot","","","CR","CR","CR","CR","CR","CR","CR","CR","CR","CR","R","","",""
"public.lot_edge","qty","numeric","Quantity flowing along this edge","","","CR","CR","CR","CR","CR","CR","CR","CR","CR","CR","R","","",""
"public.lot_edge","uom_id","uuid","FK to mst_uom","","","CR","CR","CR","CR","CR","CR","CR","CR","CR","CR","R","","",""
"public.lot_edge","notes","text","Optional snapshot/extra for audit/debug (do not overuse)","","","CR","CR","CR","CR","CR","CR","CR","CR","CR","CR","R","","",""
"public.lot_edge","meta","jsonb","Free-form metadata JSON","","","CR","CR","CR","CR","CR","CR","CR","CR","CR","CR","R","","",""
"public.lot_edge","created_at","timestamptz","Created timestamp","","","CR","CR","CR","CR","CR","CR","CR","CR","CR","CR","R","","",""
"public.mes_batch_relation","id","uuid","Primary key","","","","","","","CR","CR","","CR","","CR","R","","",""
"public.mes_batch_relation","tenant_id","uuid","Tenant scope","","","","","","","CR","CR","","CR","","CR","R","","",""
"public.mes_batch_relation","industry_id","uuid","Industry reference id","","","","","","","CRU","CRU","","CRU","","CRU","R","","",""
"public.mes_batch_relation","src_batch_id","uuid","lineage edge","","","","","","","CRU","CRU","","CRU","","CRU","R","","",""
"public.mes_batch_relation","dst_batch_id","uuid","Dst Batch reference id","","","","","","","CRU","CRU","","CRU","","CRU","R","","",""
"public.mes_batch_relation","relation_type","batch_relation_type","Relation Type","","","","","","","CRU","CRU","","CRU","","CRU","R","","",""
"public.mes_batch_relation","quantity","numeric(18,6)","Quantity","","","","","","","CRU","CRU","","CRU","","CRU","R","","",""
"public.mes_batch_relation","uom_id","uuid","unit of measure (FK)","","","","","","","CRU","CRU","","CRU","","CRU","R","","",""
"public.mes_batch_relation","ratio","numeric(10,6)","Ratio","","","","","","","CRU","CRU","","CRU","","CRU","R","","",""
"public.mes_batch_relation","effective_at","timestamptz","Effective At timestamp","","","","","","","CRU","CRU","","CRU","","CRU","R","","",""
"public.mes_batch_relation","created_at","timestamptz","Created timestamp","","","","","","","CR","CR","","CR","","CR","R","","",""
"public.mes_batch_relation","created_by","uuid","Created by user","","","","","","","CR","CR","","CR","","CR","R","","",""
"public.mes_batch_steps","id","uuid","Primary key","","","","CR","","","R","","","","","","","R","R",""
"public.mes_batch_steps","tenant_id","uuid","Tenant scope","","","","CR","","","R","","","","","","","R","R",""
"public.mes_batch_steps","batch_id","uuid","Reference to public.mes_batches","","","","CRU","","","RU","","","","","","","R","R",""
"public.mes_batch_steps","step_no","int","Step No","","","","CRU","","","RU","","","","","","","R","R",""
"public.mes_batch_steps","step","prc_step_type","Step","","","","CRU","","","RU","","","","","","","R","R",""
"public.mes_batch_steps","planned_params","jsonb","Planned Params JSON data","","","","CRU","","","RU","","","","","","","R","R",""
"public.mes_batch_steps","actual_params","jsonb","Actual Params JSON data","","","","CRU","","","RU","","","","","","","R","R",""
"public.mes_batch_steps","status","text","Status","","","","CRU","","","RU","","","","","","","R","R",""
"public.mes_batch_steps","notes","text","Notes","","","","CRU","","","RU","","","","","","","R","R",""
"public.mes_batches","id","uuid","Identifier","","","","R","","","R","R","R","R","R","R","R","R","R",""
"public.mes_batches","tenant_id","uuid","Tenant scope","","","","R","","","R","R","R","R","R","R","R","R","R",""
"public.mes_batches","batch_code","text","Batch code","","","","RU","","","RU","R","R","R","R","R","R","R","R",""
"public.mes_batches","batch_label","varchar","Batch Label","","","","RU","","","RU","R","R","R","R","R","R","R","R",""
"public.mes_batches","recipe_id","uuid","Recipe reference id","","","","RU","","","RU","R","R","R","R","R","R","R","R",""
"public.mes_batches","scale_factor","numeric","Scale Factor","","","","RU","","","RU","R","R","R","R","R","R","R","R",""
"public.mes_batches","recipe_json","jsonb","Recipe JSON payload","","","","RU","","","RU","R","R","R","R","R","R","R","R",""
"public.mes_batches","planned_start","timestamptz","Planned Start","","","","RU","","","RU","R","R","R","R","R","R","R","R",""
"public.mes_batches","planned_end","timestamptz","Planned End","","","","RU","","","RU","R","R","R","R","R","R","R","R",""
"public.mes_batches","actual_start","timestamptz","Actual Start","","","","RU","","","RU","R","R","R","R","R","R","R","R",""
"public.mes_batches","actual_end","timestamptz","Actual End","","","","RU","","","RU","R","R","R","R","R","R","R","R",""
"public.mes_batches","kpi","jsonb","Kpi JSON data","","","","RU","","","RU","R","R","R","R","R","R","R","R",""
"public.mes_batches","material_consumption","jsonb","Material Consumption JSON data","","","","RU","","","RU","R","R","R","R","R","R","R","R",""
"public.mes_batches","output_actual","jsonb","Output Actual JSON data","","","","RU","","","RU","R","R","R","R","R","R","R","R",""
"public.mes_batches","created_at","timestamptz","Created timestamp","","","","R","","","R","R","R","R","R","R","R","R","R",""
"public.mes_batches","notes","text","Notes","","","","RU","","","RU","R","R","R","R","R","R","R","R",""
"public.mes_batches","meta","jsonb","Free-form metadata JSON","","","","RU","","","RU","R","R","R","R","R","R","R","R",""
"public.mes_batches","status","public.""mes_batch_status""","Status","","","","RU","","","RU","R","R","R","R","R","R","R","R",""
"public.mes_batches","product_name","text","Product name","","","","RU","","","RU","R","R","R","R","R","R","R","R",""
"public.mes_batches","actual_yield","numeric","Actual Yield","","","","RU","","","RU","R","R","R","R","R","R","R","R",""
"public.mes_batches","actual_yield_uom","uuid","Actual Yield Uom","","","","RU","","","RU","R","R","R","R","R","R","R","R",""
"public.mes_recipe_steps","id","uuid","Identifier","","","","R","","","R","","","","","","","CRD","",""
"public.mes_recipe_steps","tenant_id","uuid","Tenant scope","","","","R","","","R","","","","","","","CRD","",""
"public.mes_recipe_steps","recipe_id","uuid","Recipe reference id","","","","R","","","R","","","","","","","CRUD","",""
"public.mes_recipe_steps","step_no","int4","Step No","","","","R","","","R","","","","","","","CRUD","",""
"public.mes_recipe_steps","step","prc_step_type","Step","","","","R","","","R","","","","","","","CRUD","",""
"public.mes_recipe_steps","target_params","jsonb","Target Params JSON data","","","","R","","","R","","","","","","","CRUD","",""
"public.mes_recipe_steps","qa_checks","jsonb","Qa Checks JSON data","","","","R","","","R","","","","","","","CRUD","",""
"public.mes_recipe_steps","notes","text","Notes","","","","R","","","R","","","","","","","CRUD","",""
"public.mes_recipe_steps","created_at","timestamptz","Created timestamp","","","","R","","","R","","","","","","","CRD","",""
"public.mes_recipes","id","uuid","Identifier","","","","R","","","R","","","","","","","CRD","",""
"public.mes_recipes","tenant_id","uuid","Tenant scope","","","","R","","","R","","","","","","","CRD","",""
"public.mes_recipes","code","text","Code","","","","R","","","R","","","","","","","CRUD","",""
"public.mes_recipes","name","text","Name","","","","R","","","R","","","","","","","CRUD","",""
"public.mes_recipes","style","text","Style","","","","R","","","R","","","","","","","CRUD","",""
"public.mes_recipes","batch_size_l","numeric","Batch Size L","","","","R","","","R","","","","","","","CRUD","",""
"public.mes_recipes","target_og","numeric","Target Og","","","","R","","","R","","","","","","","CRUD","",""
"public.mes_recipes","target_fg","numeric","Target Fg","","","","R","","","R","","","","","","","CRUD","",""
"public.mes_recipes","target_abv","numeric","Target Abv","","","","R","","","R","","","","","","","CRUD","",""
"public.mes_recipes","target_ibu","numeric","Target Ibu","","","","R","","","R","","","","","","","CRUD","",""
"public.mes_recipes","target_srm","numeric","Target Srm","","","","R","","","R","","","","","","","CRUD","",""
"public.mes_recipes","version","int4","Version","","","","R","","","R","","","","","","","CRUD","",""
"public.mes_recipes","status","text","Status","","","","R","","","R","","","","","","","CRUD","",""
"public.mes_recipes","notes","text","Notes","","","","R","","","R","","","","","","","CRUD","",""
"public.mes_recipes","created_by","uuid","Created by user","","","","R","","","R","","","","","","","CRD","",""
"public.mes_recipes","created_at","timestamptz","Created timestamp","","","","R","","","R","","","","","","","CRD","",""
"public.mes_recipes","basic_template_flg","bool","basic template can not be delete.","","","","R","","","R","","","","","","","CRUD","",""
"public.mes_recipes","category","uuid","tax category","","","","R","","","R","","","","","","","CRUD","",""
"public.mst_equipment","id","uuid","Primary key","","","","R","","","","R","","","","","","","CRD","R"
"public.mst_equipment","tenant_id","uuid","Tenant scope","","","","R","","","","R","","","","","","","CRD","R"
"public.mst_equipment","industry_id","uuid","Industry reference id","","","","R","","","","R","","","","","","","CRUD","R"
"public.mst_equipment","equipment_code","text","e.g. FV-01, PUMP-01, FILLER-01","","","","R","","","","R","","","","","","","CRUD","R"
"public.mst_equipment","name_i18n","jsonb","Name I18n JSON data","","","","R","","","","R","","","","","","","CRUD","R"
"public.mst_equipment","description","text","Description","","","","R","","","","R","","","","","","","CRUD","R"
"public.mst_equipment","equipment_type_id","uuid","classification (recommend: type_def.id) e.g. tank / pump / filler / chiller","","","","R","","","","R","","","","","","","CRUD","R"
"public.mst_equipment","equipment_kind","text","Equipment Kind","","","","R","","","","R","","","","","","","CRUD","R"
"public.mst_equipment","site_id","uuid","location","","","","R","","","","R","","","","","","","CRUD","R"
"public.mst_equipment","equipment_status","text","lifecycle/state","","","","R","","","","R","","","","","","","CRUD","R"
"public.mst_equipment","commissioned_at","date","Commissioned At timestamp","","","","R","","","","R","","","","","","","CRUD","R"
"public.mst_equipment","decommissioned_at","date","Decommissioned At timestamp","","","","R","","","","R","","","","","","","CRUD","R"
"public.mst_equipment","attr_doc","jsonb","generic extension","","","","R","","","","R","","","","","","","CRUD","R"
"public.mst_equipment","is_active","boolean","Is Active","","","","R","","","","R","","","","","","","CRUD","R"
"public.mst_equipment","sort_order","integer","Sort Order","","","","R","","","","R","","","","","","","CRUD","R"
"public.mst_equipment","created_at","timestamptz","Created timestamp","","","","R","","","","R","","","","","","","CRD","R"
"public.mst_equipment","updated_at","timestamptz","Updated timestamp","","","","R","","","","R","","","","","","","CRUD","R"
"public.mst_equipment_tank","equipment_id","uuid","Primary key","","","","R","","","","R","","","","","","","CRD","R"
"public.mst_equipment_tank","capacity_volume","numeric(18,6)","Capacity (core for transfers/planning)","","","","R","","","","R","","","","","","","CRUD","R"
"public.mst_equipment_tank","volume_uom","text","should be volume domain","","","","R","","","","R","","","","","","","CRUD","R"
"public.mst_equipment_tank","max_work_volume","numeric(18,6)","Optional working volume limit","","","","R","","","","R","","","","","","","CRUD","R"
"public.mst_equipment_tank","max_work_uom","text","Max Work Uom","","","","R","","","","R","","","","","","","CRUD","R"
"public.mst_equipment_tank","is_pressurized","boolean","Optional tank semantics","","","","R","","","","R","","","","","","","CRUD","R"
"public.mst_equipment_tank","is_jacketed","boolean","Is Jacketed","","","","R","","","","R","","","","","","","CRUD","R"
"public.mst_equipment_tank","cip_supported","boolean","Cip Supported","","","","R","","","","R","","","","","","","CRUD","R"
"public.mst_equipment_tank","tank_attr_doc","jsonb","Tank-specific extension (ports, zones, ratings, etc.)","","","","R","","","","R","","","","","","","CRUD","R"
"public.mst_equipment_tank","calibration_table","jsonb","depth/volume calibration map","","","","R","","","","R","","","","","","","CRUD","R"
"public.mst_equipment_tank","created_at","timestamptz","Created timestamp","","","","R","","","","R","","","","","","","CRD","R"
"public.mst_equipment_tank","updated_at","timestamptz","Updated timestamp","","","","R","","","","R","","","","","","","CRUD","R"
"public.mst_package","id","uuid","Primary key","","","","","","","","R","R","R","R","R","R","","","CRD"
"public.mst_package","tenant_id","uuid","Tenant scope","","","","","","","","R","R","R","R","R","R","","","CRD"
"public.mst_package","industry_id","uuid","Industry reference id","","","","","","","","R","R","R","R","R","R","","","CRUD"
"public.mst_package","package_code","text","Identity e.g. CAN_350, BTL_330, KEG_20L","","","","","","","","R","R","R","R","R","R","","","CRUD"
"public.mst_package","name_i18n","jsonb","Name I18n JSON data","","","","","","","","R","R","R","R","R","R","","","CRUD"
"public.mst_package","description","text","Description","","","","","","","","R","R","R","R","R","R","","","CRUD"
"public.mst_package","package_type_id","uuid","Classification (optional taxonomy) e.g. type_def.id (bottle/can/keg)","","","","","","","","R","R","R","R","R","R","","","CRUD"
"public.mst_package","unit_volume","numeric(18,6)","Core for filling calculation","","","","","","","","R","R","R","R","R","R","","","CRUD"
"public.mst_package","max_volume","numeric(18,6)","if null, then no max volume constraint","","","","","","","","R","R","R","R","R","R","","","CRUD"
"public.mst_package","volume_uom","text","should be volume domain (enforce by FK later if needed)","","","","","","","","R","R","R","R","R","R","","","CRUD"
"public.mst_package","volume_fix_flg","boolean","if true, then qty is fixed and unit_volume is informational only","","","","","","","","R","R","R","R","R","R","","","CRUD"
"public.mst_package","units_per_case","integer","Optional packaging properties","","","","","","","","R","R","R","R","R","R","","","CRUD"
"public.mst_package","tare_weight","numeric(18,6)","Tare Weight","","","","","","","","R","R","R","R","R","R","","","CRUD"
"public.mst_package","weight_uom","text","Weight Uom","","","","","","","","R","R","R","R","R","R","","","CRUD"
"public.mst_package","is_returnable","boolean","Is Returnable","","","","","","","","R","R","R","R","R","R","","","CRUD"
"public.mst_package","deposit_amount","numeric(18,2)","Deposit Amount","","","","","","","","R","R","R","R","R","R","","","CRUD"
"public.mst_package","deposit_currency","text","e.g. 'JPY'","","","","","","","","R","R","R","R","R","R","","","CRUD"
"public.mst_package","sku","text","Sku","","","","","","","","R","R","R","R","R","R","","","CRUD"
"public.mst_package","barcode","text","Barcode","","","","","","","","R","R","R","R","R","R","","","CRUD"
"public.mst_package","attr_doc","jsonb","Extensibility","","","","","","","","R","R","R","R","R","R","","","CRUD"
"public.mst_package","is_active","boolean","Is Active","","","","","","","","R","R","R","R","R","R","","","CRUD"
"public.mst_package","sort_order","integer","Sort Order","","","","","","","","R","R","R","R","R","R","","","CRUD"
"public.mst_package","created_at","timestamptz","Created timestamp","","","","","","","","R","R","R","R","R","R","","","CRD"
"public.mst_package","updated_at","timestamptz","Updated timestamp","","","","","","","","R","R","R","R","R","R","","","CRUD"
"public.mst_sites","id","uuid","Identifier","","R","R","R","R","R","R","R","R","R","R","R","R","R","R","CRD"
"public.mst_sites","tenant_id","uuid","Tenant scope","","R","R","R","R","R","R","R","R","R","R","R","R","R","R","CRD"
"public.mst_sites","name","text","Name","","R","R","R","R","R","R","R","R","R","R","R","R","R","R","CRUD"
"public.mst_sites","site_type_id","uuid","Site Type reference id","","R","R","R","R","R","R","R","R","R","R","R","R","R","R","CRUD"
"public.mst_sites","parent_site_id","uuid","Parent Site reference id","","R","R","R","R","R","R","R","R","R","R","R","R","R","R","CRUD"
"public.mst_sites","address","jsonb","Address JSON data","","R","R","R","R","R","R","R","R","R","R","R","R","R","R","CRUD"
"public.mst_sites","contact","jsonb","Contact JSON data","","R","R","R","R","R","R","R","R","R","R","R","R","R","R","CRUD"
"public.mst_sites","notes","text","Notes","","R","R","R","R","R","R","R","R","R","R","R","R","R","R","CRUD"
"public.mst_sites","active","bool","Active","","R","R","R","R","R","R","R","R","R","R","R","R","R","R","CRUD"
"public.mst_sites","created_at","timestamptz","Created timestamp","","R","R","R","R","R","R","R","R","R","R","R","R","R","R","CRD"
"public.mst_sites","node_kind","text","Node Kind","","R","R","R","R","R","R","R","R","R","R","R","R","R","R","CRUD"
"public.mst_sites","owner_type","text","Owner Type","","R","R","R","R","R","R","R","R","R","R","R","R","R","R","CRUD"
"public.mst_sites","owner_name","text","Owner name","","R","R","R","R","R","R","R","R","R","R","R","R","R","R","CRUD"
"public.mst_sites","sort_order","int4","Sort Order","","R","R","R","R","R","R","R","R","R","R","R","R","R","R","CRUD"
"public.mst_uom","id","uuid","Primary key","","R","R","R","R","R","R","R","R","R","R","R","R","R","R","CRD"
"public.mst_uom","scope","text","system | tenant | user","","R","R","R","R","R","R","R","R","R","R","R","R","R","R","CRUD"
"public.mst_uom","industry_id","uuid","NULL = shared across industries","","R","R","R","R","R","R","R","R","R","R","R","R","R","R","CRUD"
"public.mst_uom","tenant_id","uuid","Tenant scope","","R","R","R","R","R","R","R","R","R","R","R","R","R","R","CRD"
"public.mst_uom","owner_id","uuid","tenant_id or user_id if not system","","R","R","R","R","R","R","R","R","R","R","R","R","R","R","CRUD"
"public.mst_uom","code","text","Code","","R","R","R","R","R","R","R","R","R","R","R","R","R","R","CRUD"
"public.mst_uom","name","text","Name","","R","R","R","R","R","R","R","R","R","R","R","R","R","R","CRUD"
"public.mst_uom","dimension","uom_type","Dimension","","R","R","R","R","R","R","R","R","R","R","R","R","R","R","CRUD"
"public.mst_uom","base_factor","numeric","Base Factor","","R","R","R","R","R","R","R","R","R","R","R","R","R","R","CRUD"
"public.mst_uom","base_code","text","Base code","","R","R","R","R","R","R","R","R","R","R","R","R","R","R","CRUD"
"public.mst_uom","is_base_unit","boolean","Is Base Unit","","R","R","R","R","R","R","R","R","R","R","R","R","R","R","CRUD"
"public.mst_uom","meta","jsonb","Free-form metadata JSON","","R","R","R","R","R","R","R","R","R","R","R","R","R","R","CRUD"
"public.mst_uom","created_at","timestamptz","Created timestamp","","R","R","R","R","R","R","R","R","R","R","R","R","R","R","CRD"
"public.registry_def","def_id","uuid","Primary key","R","R","R","R","R","R","R","R","R","R","R","R","R","R","R","CRD"
"public.registry_def","kind","text","definition category e.g. material_type | site_type | movement_type | ...","R","R","R","R","R","R","R","R","R","R","R","R","R","R","R","CRUD"
"public.registry_def","scope","text","ownership / visibility system | tenant | user","R","R","R","R","R","R","R","R","R","R","R","R","R","R","R","CRUD"
"public.registry_def","owner_id","uuid","tenant_id or user_id if not system","R","R","R","R","R","R","R","R","R","R","R","R","R","R","R","CRUD"
"public.registry_def","is_active","boolean","Is Active","R","R","R","R","R","R","R","R","R","R","R","R","R","R","R","CRUD"
"public.registry_def","spec","jsonb","JSON definition","R","R","R","R","R","R","R","R","R","R","R","R","R","R","R","CRUD"
"public.registry_def","created_at","timestamptz","Created timestamp","R","R","R","R","R","R","R","R","R","R","R","R","R","R","R","CRD"
"public.registry_def","updated_at","timestamptz","Updated timestamp","R","R","R","R","R","R","R","R","R","R","R","R","R","R","R","CRUD"
"public.registry_def","def_key","~ '^[a-z0-9][a-z0-9._-]{1,63}$'","Def Key","R","R","R","R","R","R","R","R","R","R","R","R","R","R","R","CRUD"
"public.tax_reports","id","uuid","Primary key","","","","","","","","","R","R","R","","","","",""
"public.tax_reports","tenant_id","uuid","Tenant scope","","","","","","","","","R","R","R","","","","",""
"public.tax_reports","tax_type","text","Tax Type","","","","","","","","","R","R","R","","","","",""
"public.tax_reports","tax_year","int","Tax Year","","","","","","","","","R","R","R","","","","",""
"public.tax_reports","tax_month","int","Tax Month","","","","","","","","","R","R","R","","","","",""
"public.tax_reports","status","text","Status","","","","","","","","","R","R","R","","","","",""
"public.tax_reports","total_tax_amount","numeric","Total Tax Amount","","","","","","","","","R","R","R","","","","",""
"public.tax_reports","volume_breakdown","jsonb","Volume Breakdown JSON data","","","","","","","","","R","R","R","","","","",""
"public.tax_reports","report_files","jsonb","Report Files JSON data","","","","","","","","","R","R","R","","","","",""
"public.tax_reports","attachment_files","jsonb","Attachment Files JSON data","","","","","","","","","R","R","R","","","","",""
"public.tax_reports","created_at","timestamptz","Created timestamp","","","","","","","","","R","R","R","","","","",""
"public.tenant_invitations","id","uuid","Primary key","","","","","","","","","","","","","","","",""
"public.tenant_invitations","tenant_id","uuid","Tenant scope","","","","","","","","","","","","","","","",""
"public.tenant_invitations","email","text","Email","","","","","","","","","","","","","","","",""
"public.tenant_invitations","role","tenant_role","Role","","","","","","","","","","","","","","","",""
"public.tenant_invitations","status","text","Status","","","","","","","","","","","","","","","",""
"public.tenant_invitations","invited_by","uuid","Invited By","","","","","","","","","","","","","","","",""
"public.tenant_invitations","invited_user_id","uuid","auth.users.id when known","","","","","","","","","","","","","","","",""
"public.tenant_invitations","invited_at","timestamptz","Invited At timestamp","","","","","","","","","","","","","","","",""
"public.tenant_invitations","accepted_at","timestamptz","Accepted At timestamp","","","","","","","","","","","","","","","",""
"public.tenant_invitations","expires_at","timestamptz","Expires At timestamp","","","","","","","","","","","","","","","",""
"public.tenant_invitations","meta","jsonb","Free-form metadata JSON","","","","","","","","","","","","","","","",""
"public.tenant_members","tenant_id","uuid","Tenant scope","","","","","","","","","","","","","","","",""
"public.tenant_members","user_id","uuid","references auth.users(id) (can’t FK directly)","","","","","","","","","","","","","","","",""
"public.tenant_members","role","tenant_role","Role","","","","","","","","","","","","","","","",""
"public.tenant_members","invited_by","uuid","Invited By","","","","","","","","","","","","","","","",""
"public.tenant_members","created_at","timestamptz","Created timestamp","","","","","","","","","","","","","","","",""
"public.tenant_members","meta","jsonb","Free-form metadata JSON","","","","","","","","","","","","","","","",""
"public.tenants","id","uuid","Primary key","","","","","","","","","","","","","","","",""
"public.tenants","name","text","Name","","","","","","","","","","","","","","","",""
"public.tenants","created_at","timestamptz","Created timestamp","","","","","","","","","","","","","","","",""
"public.tenants","meta","jsonb","Free-form metadata JSON","","","","","","","","","","","","","","","",""
"public.type_closure","tenant_id","uuid","Tenant scope","CRD","R","","","","","","","","","","","","R","R","CRD"
"public.type_closure","domain","text","Domain","CRD","R","","","","","","","","","","","","R","R","CRD"
"public.type_closure","industry_id","uuid","Industry reference id","CRD","R","","","","","","","","","","","","R","R","CRD"
"public.type_closure","ancestor_type_id","uuid","Ancestor Type reference id","CRD","R","","","","","","","","","","","","R","R","CRD"
"public.type_closure","descendant_type_id","uuid","Descendant Type reference id","CRD","R","","","","","","","","","","","","R","R","CRD"
"public.type_closure","depth","int","Depth","CRD","R","","","","","","","","","","","","R","R","CRD"
"public.type_def","tenant_id","uuid","Tenant scope","CRD","R","","","","","","","","","","","","R","R","CRD"
"public.type_def","type_id","uuid","Type reference id","CRUD","R","","","","","","","","","","","","R","R","CRUD"
"public.type_def","scope","text","ownership / visibility system | tenant | user","CRUD","R","","","","","","","","","","","","R","R","CRUD"
"public.type_def","owner_id","uuid","tenant_id or user_id if not system","CRUD","R","","","","","","","","","","","","R","R","CRUD"
"public.type_def","domain","text","e.g. 'material_type', 'beer_style'","CRUD","R","","","","","","","","","","","","R","R","CRUD"
"public.type_def","industry_id","uuid","NULL = shared across industries","CRUD","R","","","","","","","","","","","","R","R","CRUD"
"public.type_def","code","text","stable within (tenant, domain, industry)","CRUD","R","","","","","","","","","","","","R","R","CRUD"
"public.type_def","name","text","Name","CRUD","R","","","","","","","","","","","","R","R","CRUD"
"public.type_def","name_i18n","jsonb","Name I18n JSON data","CRUD","R","","","","","","","","","","","","R","R","CRUD"
"public.type_def","parent_type_id","uuid","Parent Type reference id","CRUD","R","","","","","","","","","","","","R","R","CRUD"
"public.type_def","sort_order","int","Sort Order","CRUD","R","","","","","","","","","","","","R","R","CRUD"
"public.type_def","description","text","Description","CRUD","R","","","","","","","","","","","","R","R","CRUD"
"public.type_def","meta","jsonb","Free-form metadata JSON","CRUD","R","","","","","","","","","","","","R","R","CRUD"
"public.type_def","is_active","boolean","Is Active","CRUD","R","","","","","","","","","","","","R","R","CRUD"
"public.type_def","valid_from","date","Valid From","CRUD","R","","","","","","","","","","","","R","R","CRUD"
"public.type_def","valid_to","date","Valid To","CRUD","R","","","","","","","","","","","","R","R","CRUD"
"public.type_def","created_at","timestamptz","Created timestamp","CRD","R","","","","","","","","","","","","R","R","CRD"
"public.type_def","updated_at","timestamptz","Updated timestamp","CRUD","R","","","","","","","","","","","","R","R","CRUD"
